ioanna,Doe,55512345,Loves to eat sushi
Mary,Boo,222222,Plays Tennis
Kostakis,K,6969696696,ine adelfi
ioanna,Doe,55512345,Loves to eat sushi
Mary,Boo,222222,Plays Tennis
Kostakis,K,6969696696,ine adelfi
ioanna,Doe,55512345,Loves to eat sushi
Mary,Boo,222222,Plays Tennis
Kostakis,K,6969696696,ine adelfi
ioanna,Doe,55512345,Loves to eat sushi
Mary,Boo,222222,Plays Tennis
Kostakis,K,6969696696,ine adelfi
Number 13,Doe,55512345,Loves to eat sushi
Mary,Boo,222222,Plays Tennis
Kostakis,K,6969696696,ine adelfi